{"income_q": 60290.17998525308, "loan_q": 151967.78774970977}